train_team,1,1+3,1+3+4,1+3+4+5,1+3+4+5+6,1+3+4+5+6+7,1+3+4+5+7,1+3+4+6,1+3+4+6+7,1+3+4+7,1+3+5,1+3+5+6,1+3+5+6+7,1+3+5+7,1+3+6,1+3+6+7,1+3+7,1+4,1+4+5,1+4+5+6,1+4+5+6+7,1+4+5+7,1+4+6,1+4+6+7,1+4+7,1+5,1+5+6,1+5+6+7,1+5+7,1+6,1+6+7,1+7,3,3+4,3+4+5,3+4+5+6,3+4+5+6+7,3+4+5+7,3+4+6,3+4+6+7,3+4+7,3+5,3+5+6,3+5+6+7,3+5+7,3+6,3+6+7,3+7,4,4+5,4+5+6,4+5+6+7,4+5+7,4+6,4+6+7,4+7,5,5+6,5+6+7,5+7,6,6+7,7
1,1.0,0.5,0.3333333432674408,0.25,0.20000000298023218,0.1666666716337204,0.20000000298023218,0.25,0.20000000298023218,0.25,0.3333333432674408,0.25,0.20000000298023218,0.25,0.3333333432674408,0.25,0.3333333432674408,0.5,0.3333333432674408,0.25,0.20000000298023218,0.25,0.3333333432674408,0.25,0.3333333432674408,0.5,0.3333333432674408,0.25,0.3333333432674408,0.5,0.3333333432674408,0.5,0.0,0.0,0.0,0.0,0.0,0.0,0.0,0.0,0.0,0.0,0.0,0.0,0.0,0.0,0.0,0.0,0.0,0.0,0.0,0.0,0.0,0.0,0.0,0.0,0.0,0.0,0.0,0.0,0.0,0.0,0.0
1+3,0.9470000028610229,0.9472000122070312,0.6314666628837585,0.4736000061035156,0.3788800001144409,0.31573333144187926,0.3788800001144409,0.4736000061035156,0.3788800001144409,0.4736000061035156,0.6314666628837585,0.4736000061035156,0.3788800001144409,0.4736000061035156,0.6314666628837585,0.4736000061035156,0.6314666628837585,0.47350000143051146,0.31566667556762695,0.23675000071525573,0.18940000236034388,0.23675000071525573,0.31566667556762695,0.23675000071525573,0.31566667556762695,0.47350000143051146,0.31566667556762695,0.23675000071525573,0.31566667556762695,0.47350000143051146,0.31566667556762695,0.47350000143051146,0.9473999977111817,0.47369999885559083,0.31579999923706054,0.23684999942779536,0.1894800007343292,0.23684999942779536,0.31579999923706054,0.23684999942779536,0.31579999923706054,0.47369999885559083,0.31579999923706054,0.23684999942779536,0.31579999923706054,0.47369999885559083,0.31579999923706054,0.47369999885559083,0.0,0.0,0.0,0.0,0.0,0.0,0.0,0.0,0.0,0.0,0.0,0.0,0.0,0.0,0.0
1+3+4,0.9286000013351441,0.8497999906539917,0.83586665391922,0.6268999934196472,0.5015199959278107,0.41793332695961,0.5015199959278107,0.6268999934196472,0.5015199959278107,0.6268999934196472,0.56653333902359,0.42489999532699585,0.33991999626159664,0.42489999532699585,0.56653333902359,0.42489999532699585,0.56653333902359,0.8682999968528747,0.5788666605949402,0.43414999842643737,0.3473199963569641,0.43414999842643737,0.5788666605949402,0.43414999842643737,0.5788666605949402,0.46430000066757204,0.3095333337783813,0.23215000033378597,0.3095333337783813,0.46430000066757204,0.3095333337783813,0.46430000066757204,0.7710000038146972,0.7895000100135803,0.5263333201408387,0.39475000500679014,0.3157999992370605,0.39475000500679014,0.5263333201408387,0.39475000500679014,0.5263333201408387,0.38550000190734857,0.256999996304512,0.19275000095367428,0.256999996304512,0.38550000190734857,0.256999996304512,0.38550000190734857,0.8080000042915344,0.4040000021457672,0.26933333873748777,0.20200000107288357,0.26933333873748777,0.4040000021457672,0.26933333873748777,0.4040000021457672,0.0,0.0,0.0,0.0,0.0,0.0,0.0
1+3+4+5,0.9092000007629395,0.7373999953269958,0.7390666723251342,0.7034999966621399,0.5628000140190125,0.4689999997615814,0.5628000140190125,0.5542999982833863,0.4434400022029877,0.5542999982833863,0.6905333280563355,0.517900002002716,0.41431999802589414,0.517900002002716,0.4916000008583069,0.36869999766349787,0.4916000008583069,0.8258000135421752,0.7494666695594787,0.5621000051498413,0.44968000054359436,0.5621000051498413,0.5505333185195923,0.4129000067710876,0.5505333185195923,0.752999997138977,0.5019999921321869,0.37649999856948846,0.5019999921321869,0.45460000038146975,0.3030666708946228,0.45460000038146975,0.5655999898910522,0.6539999961853027,0.634933340549469,0.47619999647140504,0.3809600055217742,0.47619999647140504,0.4360000014305115,0.32699999809265134,0.4360000014305115,0.5812000036239624,0.3874666690826416,0.29060000181198115,0.3874666690826416,0.2827999949455261,0.18853333294391628,0.2827999949455261,0.7423999905586243,0.669599997997284,0.4464000046253204,0.334799998998642,0.4464000046253204,0.3711999952793121,0.24746667146682735,0.3711999952793121,0.5968000054359436,0.29840000271797174,0.198933333158493,0.29840000271797174,0.0,0.0,0.0
1+3+4+5+6,0.888599979877472,0.6860000014305114,0.6831999897956849,0.6640999913215637,0.6808799982070923,0.5674000024795532,0.5312799930572509,0.699400007724762,0.5595199942588807,0.5124000072479248,0.6595999956130981,0.6817000031471252,0.545360004901886,0.4947000026702881,0.7066666603088378,0.5299999952316284,0.45733333230018614,0.7830999970436097,0.7243333458900452,0.7302500009536743,0.5841999888420105,0.5432500004768371,0.771399998664856,0.5785499930381774,0.5220666766166687,0.7476999998092652,0.7478000044822692,0.5608500123023987,0.49846667647361753,0.8182999968528748,0.5455333232879639,0.444299989938736,0.4834000110626221,0.5805000066757202,0.5892666697502136,0.628950011730194,0.5031599938869477,0.4419499933719635,0.6363333225250244,0.4772499978542328,0.38700000047683714,0.5450999975204468,0.6127333283424378,0.45955000519752504,0.36339999437332154,0.6156999945640564,0.41046665906906127,0.241700005531311,0.6776000142097474,0.6421999931335449,0.6774666547775269,0.5080999970436096,0.4281333327293396,0.7128000020980835,0.47519999742507935,0.3388000071048736,0.6067999958992004,0.6773999810218811,0.4515999972820282,0.30339999794960015,0.7480000019073486,0.37400000095367425,0.0
1+3+4+5+6+7,0.8787999987602234,0.6781000018119812,0.6554000020027161,0.6247500061988831,0.64475998878479,0.6521666646003723,0.6376399874687195,0.6727499961853027,0.67603999376297,0.6638499975204468,0.6296666622161865,0.6534500002861023,0.6606000065803528,0.6445500016212463,0.693666672706604,0.692549979686737,0.6818000078201294,0.7443999886512757,0.6738666653633117,0.6866000056266784,0.687119996547699,0.6777000069618225,0.7378666639328003,0.7256999969482422,0.7260000109672546,0.7057999849319458,0.7121333360671998,0.7064000010490418,0.7002666592597961,0.8018000006675721,0.7642666697502136,0.7840000033378601,0.47739999890327456,0.5436999917030334,0.5400666713714599,0.5862499952316285,0.6068400025367737,0.5773499965667724,0.6040666699409485,0.62535001039505,0.5922000050544739,0.5050999999046326,0.5783333420753479,0.6060500144958496,0.5664666652679443,0.6011000037193298,0.6304666519165039,0.5833000063896179,0.6099999904632568,0.5713999986648559,0.6225333452224732,0.6391999959945679,0.6106666564941406,0.6674000024795532,0.6746666669845581,0.6496000051498413,0.5327999889850616,0.6288000106811523,0.6489333271980285,0.6110000014305115,0.7248000144958496,0.7069999933242798,0.6891999959945678
1+3+4+5+7,0.8824000000953675,0.708299994468689,0.687066650390625,0.6588999986648559,0.5271200060844421,0.5566666722297668,0.6679999947547912,0.5152999997138977,0.5531199932098388,0.6913999915122986,0.6636666655540466,0.49775001406669617,0.539079999923706,0.6738499879837037,0.4722000062465668,0.5302499890327453,0.7070000052452088,0.7635000109672546,0.7004666686058044,0.5253499984741211,0.5611600041389465,0.7014500021934509,0.5090000033378601,0.5578500032424927,0.7437999963760376,0.7284000039100647,0.4856000065803528,0.5403000116348267,0.7203999996185303,0.4412000000476837,0.528933334350586,0.7934000015258789,0.5342000007629395,0.5894000053405761,0.5844000101089477,0.4383000016212463,0.49151999354362486,0.6143999934196472,0.3929333329200745,0.47080000042915343,0.627733337879181,0.5543000102043152,0.3695333302021026,0.4532500088214874,0.6043333292007447,0.2671000003814697,0.41286666989326476,0.6193000078201294,0.644599997997284,0.6095000028610229,0.406333327293396,0.4808499991893768,0.6411333322525025,0.3222999989986419,0.4496666669845581,0.6745000004768371,0.574400007724762,0.287200003862381,0.4262666702270508,0.6394000053405762,0.0,0.35220000147819513,0.7044000029563904
1+3+4+6,0.8886000037193298,0.7883999943733215,0.776800000667572,0.5825999975204468,0.621999990940094,0.5183333396911621,0.4660800039768219,0.7774999976158142,0.621999990940094,0.5825999975204468,0.525600016117096,0.5891000032424927,0.47128000259399416,0.39419999718666077,0.7854666709899902,0.5891000032424927,0.525600016117096,0.8211000084877014,0.5473999977111816,0.6054499983787537,0.48436000347137453,0.4105500042438507,0.8072666525840759,0.6054499983787537,0.5473999977111816,0.4443000018596649,0.5560666680335998,0.41705000400543213,0.29620000123977663,0.8341000080108643,0.5560666680335998,0.4443000018596649,0.6881999969482422,0.7208999991416931,0.4805999994277954,0.5553500056266785,0.44428000450134275,0.3604499995708465,0.7404666543006897,0.5553500056266785,0.4805999994277954,0.3440999984741211,0.4892666697502136,0.366949999332428,0.2293999999761581,0.733899998664856,0.4892666697502136,0.3440999984741211,0.7535999894142151,0.37679999470710757,0.5110666573047637,0.3833000004291534,0.25119999945163723,0.7666000008583069,0.5110666573047637,0.37679999470710757,0.0,0.38980000019073485,0.25986666083335874,0.0,0.7796000003814697,0.38980000019073485,0.0
1+3+4+6+7,0.8942000031471252,0.7625999927520752,0.7255333304405213,0.5441499948501587,0.5857999920845032,0.6106666803359986,0.5823200106620788,0.7322500109672546,0.732800018787384,0.7278999924659729,0.5083999991416931,0.5694000005722046,0.6025199890136719,0.5650499939918519,0.7592000007629395,0.7531499981880188,0.7534000039100647,0.7727999925613404,0.5152000188827515,0.5745000004768371,0.606599998474121,0.5701500058174134,0.7660000085830688,0.7582499980926514,0.7601999878883362,0.4471000015735626,0.5488666772842408,0.5953999876976013,0.5430666685104371,0.8232999920845032,0.7938666701316833,0.8145999908447266,0.6310000061988831,0.6412000060081482,0.42746666073799133,0.5086999952793121,0.5539600133895874,0.5043500006198883,0.6782666683197022,0.6924499988555908,0.6724666714668274,0.3155000030994415,0.4611333250999451,0.5295999884605408,0.4553333282470703,0.69170001745224,0.7061333179473877,0.6829999923706055,0.6514000058174133,0.3257000029087066,0.46793333292007444,0.5346999883651733,0.46213333010673524,0.7019000053405762,0.7129333257675171,0.6931999921798706,0.0,0.376199996471405,0.49579999446868894,0.3675000071525574,0.75239999294281,0.7437000036239624,0.7350000143051147
1+3+4+7,0.9064000129699707,0.8129999995231628,0.7818666577339173,0.5863999962806702,0.46911999583244324,0.5137666821479797,0.6165199995040893,0.5863999962806702,0.6165199995040893,0.7706499814987182,0.5419999957084656,0.4064999997615814,0.472599995136261,0.590750002861023,0.5419999957084656,0.590750002861023,0.787666666507721,0.8129999876022339,0.5419999957084656,0.40649999380111695,0.47260000705718996,0.590750002861023,0.5419999957084656,0.590750002861023,0.7876666784286499,0.4532000064849854,0.3021333277225494,0.41085000038146974,0.5478000044822693,0.4532000064849854,0.5478000044822693,0.8217000007629395,0.7195999979972839,0.7196000099182129,0.4797333300113678,0.3598000049591064,0.4352400004863739,0.5440499901771545,0.4797333300113678,0.5440499901771545,0.7254000067710876,0.35979999899864196,0.23986667096614833,0.36414999961853023,0.48553332686424255,0.35979999899864196,0.48553332686424255,0.7282999992370606,0.7195999979972839,0.3597999989986419,0.2398666679859161,0.3641500055789947,0.485533332824707,0.3597999989986419,0.485533332824707,0.7283000111579895,0.0,0.0,0.24566666781902308,0.36850000023841856,0.0,0.36850000023841856,0.7370000004768371
1+3+5,0.9309999942779541,0.7838000059127808,0.5225333213806153,0.5596500039100647,0.4477200090885162,0.3731000065803528,0.4477200090885162,0.3919000029563904,0.3135199964046478,0.3919000029563904,0.7462000131607056,0.5596500039100647,0.4477200090885162,0.5596500039100647,0.5225333213806153,0.3919000029563904,0.5225333213806153,0.46549999713897705,0.5340000033378601,0.40049999952316284,0.3203999996185303,0.40049999952316284,0.31033333539962765,0.23274999856948853,0.31033333539962765,0.8009999990463257,0.5340000033378601,0.40049999952316284,0.5340000033378601,0.46549999713897705,0.31033333539962765,0.46549999713897705,0.6366000056266785,0.31830000281333926,0.4358666718006134,0.32690000534057617,0.26151999235153195,0.32690000534057617,0.21220000088214874,0.15915000140666957,0.21220000088214874,0.6538000106811523,0.4358666718006134,0.32690000534057617,0.4358666718006134,0.31830000281333926,0.21220000088214874,0.31830000281333926,0.0,0.3354999959468842,0.2236666649580002,0.16774999797344203,0.2236666649580002,0.0,0.0,0.0,0.6709999918937684,0.3354999959468842,0.2236666649580002,0.3354999959468842,0.0,0.0,0.0
1+3+5+6,0.9129999995231628,0.7249000072479248,0.48326666951179503,0.5277999997138977,0.5839200019836426,0.486599999666214,0.42224000096321107,0.5645500063896179,0.45163999795913695,0.3624500036239624,0.7037333250045776,0.7299000024795532,0.5839200019836426,0.5277999997138977,0.752733337879181,0.5645500063896179,0.48326666951179503,0.4564999997615814,0.5248000025749207,0.5956999897956848,0.47655999660491943,0.3936000049114227,0.573799991607666,0.43035000562667847,0.30433332920074463,0.7872000098228454,0.794266676902771,0.5956999897956848,0.5248000025749207,0.8607000112533569,0.573799991607666,0.4564999997615814,0.5367999911308289,0.26839999556541444,0.399399995803833,0.5016500055789948,0.4013200044631958,0.29954999685287476,0.4483999967575073,0.33629999756813045,0.1789333343505859,0.5990999937057495,0.6688666582107544,0.5016500055789948,0.399399995803833,0.672599995136261,0.4483999967575073,0.26839999556541444,0.0,0.33069999814033507,0.48993333578109743,0.3674499988555908,0.22046666443347926,0.40419999957084657,0.2694666624069214,0.0,0.6613999962806701,0.7348999977111816,0.48993333578109743,0.33069999814033507,0.8083999991416931,0.40419999957084657,0.0
1+3+5+6+7,0.9052000045776367,0.7082000017166138,0.47213332653045653,0.4896500051021576,0.5517199873924256,0.5851666688919067,0.5422000050544739,0.5540999889373779,0.5937600016593934,0.5422000050544739,0.6528666615486145,0.689650011062622,0.7022000074386596,0.6777499914169312,0.7388000011444091,0.7422000050544739,0.7229333281517029,0.45260000228881836,0.48246666193008425,0.5618500113487244,0.5999600172042847,0.5499499917030335,0.5684000134468079,0.6144000053405761,0.5525333523750305,0.7236999988555908,0.7491333365440369,0.7499500036239624,0.7332666754722595,0.8525999903678894,0.8191999912261962,0.8287999868392945,0.5112000107765198,0.2556000053882599,0.35113334059715273,0.46334999799728394,0.5211599946022034,0.4514500081539154,0.43706666827201845,0.5158999919891357,0.4211999952793121,0.5267000019550323,0.6178000092506408,0.6514500141143799,0.6019333362579345,0.6555999994277955,0.6878666639328003,0.6317999958992004,0.0,0.2711000025272369,0.44739999771118166,0.5236500024795532,0.43153333067893984,0.4,0.51746666431427,0.37620000243186946,0.5422000050544739,0.6710999965667724,0.6981999993324279,0.6472999930381775,0.8,0.7762000083923339,0.752400004863739
1+3+5+7,0.9110000014305115,0.7574999928474426,0.5049999952316284,0.528599989414215,0.4228799998760223,0.4747333347797394,0.5696799993515015,0.37874999642372126,0.4497999966144562,0.5622499942779541,0.7047999978065491,0.528599989414215,0.5696799993515015,0.7120999932289124,0.5049999952316284,0.5622499942779541,0.7496666669845581,0.45550000071525576,0.503466671705246,0.3775999963283539,0.44887999892234803,0.5611000061035156,0.3036666631698608,0.4112500011920929,0.5483333468437195,0.7551999926567078,0.503466671705246,0.5611000061035156,0.7481333494186402,0.45550000071525576,0.5483333468437195,0.8225000023841857,0.6039999961853028,0.3019999980926514,0.4011333346366882,0.30084999799728396,0.3874800026416778,0.4843499958515167,0.20133333206176754,0.33450000286102294,0.4459999978542328,0.6016999959945679,0.4011333346366882,0.4843499958515167,0.6458000063896179,0.3019999980926514,0.4459999978542328,0.6690000057220459,0.0,0.299700003862381,0.19979999959468836,0.33335000872612,0.4444666624069214,0.0,0.2446666687726974,0.36700000166893004,0.599400007724762,0.299700003862381,0.4444666624069214,0.66670001745224,0.0,0.36700000166893004,0.7340000033378601
1+3+6,0.9194000124931335,0.8774999976158142,0.5849999904632568,0.4387499988079071,0.5156399846076966,0.42970000505447387,0.3509999990463257,0.6445499897003174,0.5156399846076966,0.4387499988079071,0.5849999904632568,0.6445499897003174,0.5156399846076966,0.4387499988079071,0.8594000101089477,0.6445499897003174,0.5849999904632568,0.45970000624656676,0.306466668844223,0.4356499969959259,0.34852000474929806,0.22985000312328335,0.5808666706085205,0.4356499969959259,0.306466668844223,0.45970000624656676,0.5808666706085205,0.4356499969959259,0.306466668844223,0.8712999939918518,0.5808666706085205,0.45970000624656676,0.8355999946594238,0.4177999973297119,0.27853333950042725,0.4147000014781952,0.33176000118255616,0.20889999866485592,0.5529333233833313,0.4147000014781952,0.27853333950042725,0.4177999973297119,0.5529333233833313,0.4147000014781952,0.27853333950042725,0.8294000029563904,0.5529333233833313,0.4177999973297119,0.0,0.0,0.27440000176429746,0.2057999968528747,0.0,0.4115999937057495,0.27440000176429746,0.0,0.0,0.4115999937057495,0.27440000176429746,0.0,0.823199987411499,0.4115999937057495,0.0
1+3+6+7,0.898800003528595,0.7894999980926514,0.5263333201408387,0.39474999904632563,0.47667999267578126,0.5353000044822693,0.4814800024032593,0.5958499908447266,0.64235999584198,0.6018499970436096,0.5263333201408387,0.5958499908447266,0.64235999584198,0.6018499970436096,0.7944666743278503,0.8029500007629394,0.8024666666984558,0.4494000017642975,0.29959999918937685,0.4258000016212463,0.5063200116157531,0.43179999589920043,0.5677333354949952,0.6328999876976014,0.5757333278656006,0.4494000017642975,0.5677333354949952,0.6328999876976014,0.5757333278656006,0.8516000032424926,0.8438666582107544,0.8635999917984009,0.6801999926567077,0.34009999632835386,0.22673333585262295,0.37114999294281004,0.46259999871253965,0.3771499991416931,0.4948666751384735,0.578249990940094,0.5028666734695435,0.34009999632835386,0.4948666751384735,0.578249990940094,0.5028666734695435,0.7422999858856201,0.7709999918937683,0.7542999982833862,0.0,0.0,0.26813333034515374,0.40820000171661375,0.2761333346366882,0.4022000014781952,0.5442666649818421,0.41419999599456786,0.0,0.4022000014781952,0.5442666649818421,0.41419999599456786,0.8044000029563904,0.8164000034332275,0.8283999919891357
1+3+7,0.9329999923706055,0.8777999997138977,0.5851999998092652,0.43889999985694883,0.35112000107765196,0.43106666803359983,0.5172800064086914,0.43889999985694883,0.5172800064086914,0.6465999841690063,0.5851999998092652,0.43889999985694883,0.5172800064086914,0.6465999841690063,0.5851999998092652,0.6465999841690063,0.8621333360671997,0.46649999618530275,0.3110000014305115,0.23324999809265132,0.35275999903678895,0.4409500002861023,0.3110000014305115,0.4409500002861023,0.587933337688446,0.46649999618530275,0.3110000014305115,0.4409500002861023,0.587933337688446,0.46649999618530275,0.587933337688446,0.8819000005722046,0.822599995136261,0.4112999975681305,0.27419999837875364,0.2056499987840652,0.33068000078201293,0.4133500039577484,0.27419999837875364,0.4133500039577484,0.5511333346366882,0.4112999975681305,0.27419999837875364,0.4133500039577484,0.5511333346366882,0.4112999975681305,0.5511333346366882,0.8267000079154968,0.0,0.0,0.0,0.2077000021934509,0.27693333625793454,0.0,0.27693333625793454,0.41540000438690183,0.0,0.0,0.27693333625793454,0.41540000438690183,0.0,0.41540000438690183,0.8308000087738037
1+4,0.9627999901771546,0.4813999950885773,0.6417999982833862,0.4813499987125397,0.3850800037384033,0.3208999991416931,0.3850800037384033,0.4813499987125397,0.3850800037384033,0.4813499987125397,0.3209333300590515,0.24069999754428859,0.192560002207756,0.24069999754428859,0.3209333300590515,0.24069999754428859,0.3209333300590515,0.9626999974250794,0.6417999982833862,0.4813499987125397,0.3850800037384033,0.4813499987125397,0.6417999982833862,0.4813499987125397,0.6417999982833862,0.4813999950885773,0.3209333300590515,0.24069999754428859,0.3209333300590515,0.4813999950885773,0.3209333300590515,0.4813999950885773,0.0,0.4812999963760376,0.32086666822433474,0.2406499981880188,0.19252000153064724,0.2406499981880188,0.32086666822433474,0.2406499981880188,0.32086666822433474,0.0,0.0,0.0,0.0,0.0,0.0,0.0,0.9625999927520752,0.4812999963760376,0.32086666822433474,0.2406499981880188,0.32086666822433474,0.4812999963760376,0.32086666822433474,0.4812999963760376,0.0,0.0,0.0,0.0,0.0,0.0,0.0
1+4+5,0.9212000012397766,0.4606000006198883,0.5832000136375427,0.6408500075340271,0.5126799941062927,0.4272333323955536,0.5126799941062927,0.4374000012874603,0.34991999864578244,0.4374000012874603,0.5783333420753479,0.4337500035762787,0.3470000028610229,0.4337500035762787,0.30706666707992547,0.2303000003099441,0.30706666707992547,0.8748000025749206,0.8544666647911072,0.6408500075340271,0.5126799941062927,0.6408500075340271,0.5832000136375427,0.4374000012874603,0.5832000136375427,0.8675000071525574,0.5783333420753479,0.4337500035762787,0.5783333420753479,0.4606000006198883,0.30706666707992547,0.4606000006198883,0.0,0.41419999599456786,0.5474000096321106,0.4105499923229218,0.32843999266624446,0.4105499923229218,0.2761333286762237,0.2070999979972839,0.2761333286762237,0.4069000005722046,0.27126666903495783,0.20345000028610224,0.27126666903495783,0.0,0.0,0.0,0.8283999919891357,0.8210999846458436,0.5474000096321106,0.4105499923229218,0.5474000096321106,0.41419999599456786,0.2761333286762237,0.41419999599456786,0.8138000011444092,0.4069000005722046,0.27126666903495783,0.4069000005722046,0.0,0.0,0.0
1+4+5+6,0.9203999876976013,0.46019999384880067,0.5409333348274231,0.5995000004768372,0.6417999982833862,0.5348333239555358,0.4796000003814697,0.6084500074386596,0.48676000237464906,0.4056999981403351,0.5652000069618225,0.6266499996185303,0.5013200044631958,0.42389999628067015,0.5771333336830139,0.4328499972820282,0.30680000185966494,0.8113999962806702,0.7993333339691162,0.8022500038146972,0.6417999982833862,0.5995000004768372,0.8112666606903076,0.6084500074386596,0.5409333348274231,0.8477999925613403,0.835533332824707,0.6266499996185303,0.5652000069618225,0.8656999945640564,0.5771333336830139,0.46019999384880067,0.0,0.351199996471405,0.4925333261489868,0.5721500039100647,0.45771999955177306,0.36939999461174006,0.5044666707515717,0.3783499956130981,0.23413333296775818,0.3875999927520752,0.5287333488464355,0.3965499997138977,0.25840000510215755,0.4055000007152557,0.27033333182334895,0.0,0.7023999929428101,0.7387999892234802,0.7628666520118713,0.5721500039100647,0.4925333261489868,0.7566999912261962,0.5044666707515717,0.351199996471405,0.7751999855041504,0.7930999994277954,0.5287333488464355,0.3875999927520752,0.8110000014305114,0.4055000007152557,0.0
1+4+5+6+7,0.8924000024795532,0.4462000012397766,0.5183333396911621,0.5617999911308289,0.6084000110626221,0.6253333210945129,0.5914399981498718,0.5874500036239624,0.611959981918335,0.5662500023841858,0.5281999945640564,0.5948500037193298,0.6178799986839294,0.5736499905586243,0.5624000072479248,0.5993000030517578,0.5341333150863647,0.7774999976158142,0.7490666747093201,0.7605000138282776,0.7503999948501587,0.739300012588501,0.7832666754722595,0.7649499893188476,0.7549999952316284,0.792300009727478,0.7931333303451538,0.7723500013351441,0.7648666620254516,0.8435999989509583,0.7990666627883911,0.801199996471405,0.0,0.33130000233650203,0.45160000324249266,0.5374000072479248,0.5719199895858764,0.5162000119686126,0.4858000040054321,0.5418499946594239,0.45753333568572996,0.3460999965667725,0.49566667675971987,0.5492499947547913,0.46739999651908876,0.3973999977111816,0.5016000032424927,0.3550000011920929,0.6626000046730042,0.6773999929428101,0.7165333271026612,0.71489999294281,0.6882666707038879,0.7287000060081482,0.7224666714668274,0.686300003528595,0.692199993133545,0.743500006198883,0.7323333382606506,0.7011000156402588,0.7947999954223632,0.752400004863739,0.7100000023841858
1+4+5+7,0.9220000028610229,0.46100000143051145,0.5570666551589966,0.5952999949455261,0.4762399971485138,0.5195333361625671,0.6234400153160096,0.41779999136924745,0.481439995765686,0.6017999887466431,0.543999993801117,0.4079999983310699,0.47360000014305115,0.5920000076293945,0.30733332633972166,0.41449999809265137,0.5526666760444641,0.8355999827384949,0.7937333464622498,0.5952999949455261,0.6234400153160096,0.7792999863624572,0.5570666551589966,0.6017999887466431,0.8023999929428101,0.8159999966621398,0.543999993801117,0.5920000076293945,0.7893333315849305,0.46100000143051145,0.5526666760444641,0.8289999961853027,0.0,0.37460000514984126,0.48640000224113467,0.3647999942302704,0.4390399992465973,0.548799991607666,0.24973333179950705,0.37129999399185176,0.4950666606426239,0.35499998927116394,0.23666667044162745,0.36149999499320984,0.48200000524520875,0.0,0.24533333182334896,0.3679999947547912,0.7492000102996826,0.7295999884605407,0.48640000224113467,0.548799991607666,0.7317333340644836,0.37460000514984126,0.4950666606426239,0.7425999879837036,0.7099999785423279,0.35499998927116394,0.48200000524520875,0.7229999899864197,0.0,0.3679999947547912,0.7359999895095826
1+4+6,0.9401999950408936,0.4700999975204468,0.5880666613578797,0.44105000495910646,0.5254799962043762,0.43790000677108765,0.3528399944305419,0.656850004196167,0.5254799962043762,0.44105000495910646,0.313400000333786,0.45085000395774844,0.3606800019741058,0.23504999876022334,0.6011333346366883,0.45085000395774844,0.313400000333786,0.8821000099182129,0.5880666613578797,0.656850004196167,0.5254799962043762,0.44105000495910646,0.8758000135421753,0.656850004196167,0.5880666613578797,0.4700999975204468,0.6011333346366883,0.45085000395774844,0.313400000333786,0.9017000079154969,0.6011333346366883,0.4700999975204468,0.0,0.4120000064373016,0.2746666669845581,0.42179999947547914,0.3374400019645691,0.20600000321865078,0.5624000072479248,0.42179999947547914,0.2746666669845581,0.0,0.28773333430290216,0.2157999992370605,0.0,0.4315999984741211,0.28773333430290216,0.0,0.8240000128746032,0.4120000064373016,0.5624000072479248,0.42179999947547914,0.2746666669845581,0.8435999989509583,0.5624000072479248,0.4120000064373016,0.0,0.4315999984741211,0.28773333430290216,0.0,0.8631999969482422,0.4315999984741211,0.0
1+4+6+7,0.9145999908447265,0.45729999542236327,0.5454666614532471,0.40910000205039976,0.4928800046443939,0.5449333190917969,0.48831999897956846,0.6161000013351441,0.6539200067520141,0.6103999853134155,0.3048666715621948,0.43565000891685485,0.5095600008964538,0.4299500048160553,0.5808666586875916,0.6369500041007996,0.5732666611671448,0.8182000041007995,0.5454666614532471,0.6161000013351441,0.6539200067520141,0.6103999853134155,0.8214666604995727,0.8173999905586242,0.813866662979126,0.45729999542236327,0.5808666586875916,0.6369500041007996,0.5732666611671448,0.8713000178337097,0.8492666721343994,0.8599000096321106,0.0,0.36089999675750734,0.24060000479221338,0.3874499976634979,0.47100000381469725,0.3817499995231628,0.5166000008583069,0.5887500047683716,0.5089999914169312,0.0,0.2759999930858612,0.40830000042915343,0.2684000015258789,0.414000004529953,0.5444000005722046,0.4026000082492828,0.7217999935150147,0.36089999675750734,0.5166000008583069,0.5887500047683716,0.5089999914169312,0.7748999953269958,0.7849999904632569,0.7634999990463257,0.0,0.414000004529953,0.5444000005722046,0.4026000082492828,0.828000009059906,0.8166000008583069,0.8052000164985657
1+4+7,0.9349999904632569,0.46749999523162844,0.5851333379745484,0.4388499915599823,0.3510800004005432,0.42983332872390745,0.5157999992370605,0.4388499915599823,0.5157999992370605,0.6447499990463257,0.3116666674613952,0.23374999761581416,0.35172000527381897,0.4396499991416931,0.3116666674613952,0.4396499991416931,0.5861999988555908,0.8776999831199646,0.5851333379745484,0.4388499915599823,0.5157999992370605,0.6447499990463257,0.5851333379745484,0.6447499990463257,0.8596666574478149,0.46749999523162844,0.3116666674613952,0.4396499991416931,0.5861999988555908,0.46749999523162844,0.5861999988555908,0.8792999982833862,0.0,0.41019999980926514,0.2734666645526886,0.2050999999046325,0.3287999927997589,0.410999995470047,0.2734666645526886,0.410999995470047,0.5480000019073487,0.0,0.0,0.20590000152587887,0.2745333313941955,0.0,0.2745333313941955,0.4118000030517578,0.8203999996185303,0.41019999980926514,0.2734666645526886,0.410999995470047,0.5480000019073487,0.41019999980926514,0.5480000019073487,0.821999990940094,0.0,0.0,0.2745333313941955,0.4118000030517578,0.0,0.4118000030517578,0.8236000061035156
1+5,0.9557999968528748,0.4778999984264374,0.3185999929904938,0.4797500014305115,0.38379999995231623,0.31983333826065063,0.38379999995231623,0.23894999921321863,0.1911599963903427,0.23894999921321863,0.6396666765213013,0.4797500014305115,0.38379999995231623,0.4797500014305115,0.3185999929904938,0.23894999921321863,0.3185999929904938,0.4778999984264374,0.6396666765213013,0.4797500014305115,0.38379999995231623,0.4797500014305115,0.3185999929904938,0.23894999921321863,0.3185999929904938,0.959500002861023,0.6396666765213013,0.4797500014305115,0.6396666765213013,0.4778999984264374,0.3185999929904938,0.4778999984264374,0.0,0.0,0.321066665649414,0.24080000221729275,0.1926399976015091,0.24080000221729275,0.0,0.0,0.0,0.48160000443458556,0.321066665649414,0.24080000221729275,0.321066665649414,0.0,0.0,0.0,0.0,0.48160000443458556,0.321066665649414,0.24080000221729275,0.321066665649414,0.0,0.0,0.0,0.9632000088691711,0.48160000443458556,0.321066665649414,0.48160000443458556,0.0,0.0,0.0
1+5+6,0.9291999936103821,0.46459999680519104,0.30973333716392515,0.45000000596046447,0.5342400074005127,0.4452000021934509,0.35999999642372127,0.4500999987125397,0.3600799977779388,0.23229999840259552,0.6,0.6677999854087829,0.5342400074005127,0.45000000596046447,0.6001333355903625,0.4500999987125397,0.30973333716392515,0.46459999680519104,0.6,0.6677999854087829,0.5342400074005127,0.45000000596046447,0.6001333355903625,0.4500999987125397,0.30973333716392515,0.9000000119209289,0.8904000043869018,0.6677999854087829,0.6,0.9001999974250794,0.6001333355903625,0.46459999680519104,0.0,0.0,0.2902666687965393,0.43549999594688416,0.3484000027179718,0.21770000159740444,0.29040000438690183,0.21780000030994412,0.0,0.435400003194809,0.5806666493415833,0.43549999594688416,0.2902666687965393,0.4356000006198883,0.29040000438690183,0.0,0.0,0.435400003194809,0.5806666493415833,0.43549999594688416,0.2902666687965393,0.4356000006198883,0.29040000438690183,0.0,0.870800006389618,0.8709999918937683,0.5806666493415833,0.435400003194809,0.8712000012397766,0.4356000006198883,0.0
1+5+6+7,0.9171999931335449,0.45859999656677247,0.30573333501815797,0.41765000224113463,0.5033599972724915,0.5521000027656555,0.4932799994945526,0.44085000157356263,0.5118400096893311,0.4282499969005585,0.5568666815757751,0.6292000055313111,0.6625200033187866,0.6166000008583069,0.5878000020980835,0.6398000001907349,0.5710000157356262,0.45859999656677247,0.5568666815757751,0.6292000055313111,0.6625200033187866,0.6166000008583069,0.5878000020980835,0.6398000001907349,0.5710000157356262,0.8353000044822693,0.8389333367347718,0.8281499981880188,0.8221333384513855,0.8817000031471253,0.8530666589736938,0.856499993801117,0.0,0.0,0.25113333761692047,0.3998999953269958,0.47908000349998475,0.38730000257492064,0.2820666670799255,0.4104999959468841,0.26526666879653926,0.3767000019550323,0.5332000017166137,0.5988499999046326,0.5164000153541565,0.4231000006198883,0.5473333358764648,0.39790000319480895,0.0,0.3767000019550323,0.5332000017166137,0.5988499999046326,0.5164000153541565,0.4231000006198883,0.5473333358764648,0.39790000319480895,0.7534000039100647,0.7997999906539917,0.7984666705131531,0.7746000051498413,0.8462000012397766,0.8209999918937683,0.7958000063896179
1+5+7,0.9366000056266784,0.4683000028133392,0.3121999979019165,0.44394999742507935,0.35516000390052793,0.4292666673660278,0.515119993686676,0.2341500014066696,0.3472800016403198,0.4341000020503998,0.5919333457946777,0.44394999742507935,0.515119993686676,0.6439000010490418,0.3121999979019165,0.4341000020503998,0.5787999868392945,0.4683000028133392,0.5919333457946777,0.44394999742507935,0.515119993686676,0.6439000010490418,0.3121999979019165,0.4341000020503998,0.5787999868392945,0.8878999948501587,0.5919333457946777,0.6439000010490418,0.8585333347320556,0.4683000028133392,0.5787999868392945,0.8682000041007996,0.0,0.0,0.27973332405090334,0.20979999601840973,0.32779999375343316,0.40975000858306887,0.0,0.19995000064373014,0.26659999489784236,0.41959999203681947,0.27973332405090334,0.40975000858306887,0.5463333249092102,0.0,0.26659999489784236,0.39990000128746034,0.0,0.41959999203681947,0.27973332405090334,0.40975000858306887,0.5463333249092102,0.0,0.26659999489784236,0.39990000128746034,0.8391999840736389,0.41959999203681947,0.5463333249092102,0.8195000171661377,0.0,0.39990000128746034,0.7998000025749207
1+6,0.9664000034332275,0.48320000171661376,0.32213332653045657,0.2416000008583068,0.38392000198364257,0.3199333310127258,0.19327999949455257,0.47989999651908877,0.38392000198364257,0.2416000008583068,0.32213332653045657,0.47989999651908877,0.38392000198364257,0.2416000008583068,0.6398666620254516,0.47989999651908877,0.32213332653045657,0.48320000171661376,0.32213332653045657,0.47989999651908877,0.38392000198364257,0.2416000008583068,0.6398666620254516,0.47989999651908877,0.32213332653045657,0.48320000171661376,0.6398666620254516,0.47989999651908877,0.32213332653045657,0.9597999930381775,0.6398666620254516,0.48320000171661376,0.0,0.0,0.0,0.23829999864101406,0.1906399995088577,0.0,0.3177333354949951,0.23829999864101406,0.0,0.0,0.3177333354949951,0.23829999864101406,0.0,0.4765999972820282,0.3177333354949951,0.0,0.0,0.0,0.3177333354949951,0.23829999864101406,0.0,0.4765999972820282,0.3177333354949951,0.0,0.0,0.4765999972820282,0.3177333354949951,0.0,0.9531999945640564,0.4765999972820282,0.0
1+6+7,0.922599995136261,0.4612999975681305,0.30753333568573,0.23064999878406525,0.3675200045108795,0.45736666917800906,0.3658400058746337,0.45940000414848325,0.5488399863243103,0.45729999542236327,0.30753333568573,0.45940000414848325,0.5488399863243103,0.45729999542236327,0.6125333428382873,0.6860499978065491,0.6097333312034607,0.4612999975681305,0.30753333568573,0.45940000414848325,0.5488399863243103,0.45729999542236327,0.6125333428382873,0.6860499978065491,0.6097333312034607,0.4612999975681305,0.6125333428382873,0.6860499978065491,0.6097333312034607,0.9188000082969665,0.9147333383560181,0.9145999908447265,0.0,0.0,0.0,0.22874999940395355,0.36431999206542964,0.22664999961853022,0.3050000011920929,0.4554000020027161,0.30220000147819515,0.0,0.3050000011920929,0.4554000020027161,0.30220000147819515,0.4574999988079071,0.6072000026702881,0.45329999923706055,0.0,0.0,0.3050000011920929,0.4554000020027161,0.30220000147819515,0.4574999988079071,0.6072000026702881,0.45329999923706055,0.0,0.4574999988079071,0.6072000026702881,0.45329999923706055,0.9149999976158142,0.9108000040054322,0.9065999984741211
1+7,0.9555999994277954,0.4777999997138977,0.31853333711624143,0.23889999985694882,0.19112000167369836,0.321066665649414,0.38527999520301814,0.23889999985694882,0.38527999520301814,0.4815999984741211,0.31853333711624143,0.23889999985694882,0.38527999520301814,0.4815999984741211,0.31853333711624143,0.4815999984741211,0.6421333312988281,0.4777999997138977,0.31853333711624143,0.23889999985694882,0.38527999520301814,0.4815999984741211,0.31853333711624143,0.4815999984741211,0.6421333312988281,0.4777999997138977,0.31853333711624143,0.4815999984741211,0.6421333312988281,0.4777999997138977,0.6421333312988281,0.9631999969482422,0.0,0.0,0.0,0.0,0.19415999948978419,0.24269999861717223,0.0,0.24269999861717223,0.3236000061035156,0.0,0.0,0.24269999861717223,0.3236000061035156,0.0,0.3236000061035156,0.48539999723434446,0.0,0.0,0.0,0.24269999861717223,0.3236000061035156,0.0,0.3236000061035156,0.48539999723434446,0.0,0.0,0.3236000061035156,0.48539999723434446,0.0,0.48539999723434446,0.9707999944686889
3,0.0,0.5,0.3333333432674408,0.25,0.20000000298023218,0.1666666716337204,0.20000000298023218,0.25,0.20000000298023218,0.25,0.3333333432674408,0.25,0.20000000298023218,0.25,0.3333333432674408,0.25,0.3333333432674408,0.0,0.0,0.0,0.0,0.0,0.0,0.0,0.0,0.0,0.0,0.0,0.0,0.0,0.0,0.0,1.0,0.5,0.3333333432674408,0.25,0.20000000298023218,0.25,0.3333333432674408,0.25,0.3333333432674408,0.5,0.3333333432674408,0.25,0.3333333432674408,0.5,0.3333333432674408,0.5,0.0,0.0,0.0,0.0,0.0,0.0,0.0,0.0,0.0,0.0,0.0,0.0,0.0,0.0,0.0
3+4,0.0,0.413400000333786,0.5544666647911072,0.4158500015735626,0.3326799988746643,0.27723333239555353,0.3326799988746643,0.4158500015735626,0.3326799988746643,0.4158500015735626,0.2756000041961669,0.20670000016689297,0.1653600007295608,0.20670000016689297,0.2756000041961669,0.20670000016689297,0.2756000041961669,0.41830000281333923,0.27886666655540465,0.20915000140666962,0.16732000112533565,0.20915000140666962,0.27886666655540465,0.20915000140666962,0.27886666655540465,0.0,0.0,0.0,0.0,0.0,0.0,0.0,0.826800000667572,0.8317000031471252,0.5544666647911072,0.4158500015735626,0.3326799988746643,0.4158500015735626,0.5544666647911072,0.4158500015735626,0.5544666647911072,0.413400000333786,0.2756000041961669,0.20670000016689297,0.2756000041961669,0.413400000333786,0.2756000041961669,0.413400000333786,0.8366000056266785,0.41830000281333923,0.27886666655540465,0.20915000140666962,0.27886666655540465,0.41830000281333923,0.27886666655540465,0.41830000281333923,0.0,0.0,0.0,0.0,0.0,0.0,0.0
3+4+5,0.0,0.2805999934673309,0.44260000586509707,0.4844500064849854,0.38755999803543084,0.3229666650295257,0.38755999803543084,0.3319499969482422,0.2655600011348724,0.3319499969482422,0.39040000438690187,0.2927999973297119,0.23423999845981594,0.2927999973297119,0.1870666682720184,0.14029999673366544,0.1870666682720184,0.38330000042915346,0.45886666774749757,0.34415000081062314,0.2753199994564056,0.34415000081062314,0.25553333163261416,0.19165000021457668,0.25553333163261416,0.3050000011920929,0.20333333611488338,0.1525000005960464,0.20333333611488338,0.0,0.0,0.0,0.5611999869346619,0.6638999938964844,0.6459333300590515,0.4844500064849854,0.38755999803543084,0.4844500064849854,0.44260000586509707,0.3319499969482422,0.44260000586509707,0.5855999946594238,0.39040000438690187,0.2927999973297119,0.39040000438690187,0.2805999934673309,0.1870666682720184,0.2805999934673309,0.7666000008583069,0.6883000016212464,0.45886666774749757,0.34415000081062314,0.45886666774749757,0.38330000042915346,0.25553333163261416,0.38330000042915346,0.6100000023841858,0.3050000011920929,0.20333333611488338,0.3050000011920929,0.0,0.0,0.0
3+4+5+6,0.0,0.2625,0.3944666683673858,0.4465499997138977,0.5159999966621399,0.4300000011920929,0.3572400033473968,0.4943000078201294,0.395440000295639,0.29584999680519103,0.37593333125114436,0.4803999960422516,0.38432000279426576,0.2819499969482422,0.439599996805191,0.3296999990940094,0.17499999999999996,0.3291999995708465,0.42039999961853025,0.5137499928474426,0.410999995470047,0.3152999937534332,0.4840666651725769,0.36305000185966485,0.2194666653871536,0.3013999938964843,0.4655333399772644,0.3491499960422516,0.20093333125114438,0.39689999818801874,0.2645999908447266,0.0,0.525,0.5916999936103821,0.5953999876976013,0.6449999928474426,0.5159999966621399,0.4465499997138977,0.6590666770935059,0.4943000078201294,0.3944666683673858,0.5638999938964844,0.6405333280563354,0.4803999960422516,0.37593333125114436,0.6593999981880188,0.439599996805191,0.2625,0.6583999991416931,0.6305999875068664,0.6849999904632569,0.5137499928474426,0.42039999961853025,0.7261000037193298,0.4840666651725769,0.3291999995708465,0.6027999877929687,0.6982999920845032,0.4655333399772644,0.3013999938964843,0.7937999963760376,0.39689999818801874,0.0
3+4+5+6+7,0.0,0.22150000035762782,0.350600004196167,0.4086499989032745,0.4783999979496002,0.5146666586399078,0.46612000465393066,0.45230000019073485,0.5010399997234345,0.4369499981403351,0.3419333398342132,0.44580000042915346,0.4958400011062622,0.43044999837875364,0.40013333559036257,0.4740999937057495,0.3796666741371154,0.30440000295639036,0.3972000002861023,0.4872500002384186,0.5290000081062317,0.4718999981880188,0.4554000020027161,0.5155500054359436,0.4349333345890045,0.2914000034332275,0.44673333764076234,0.5090499937534332,0.42626667618751524,0.37870000004768367,0.48446667194366455,0.34799999594688413,0.44300000071525575,0.5258999943733216,0.5448666572570801,0.5980000138282776,0.6175999999046325,0.5826499938964844,0.6030666589736938,0.6263000011444092,0.5825999975204468,0.5129000067710876,0.5944000005722045,0.6197999954223633,0.5739333271980286,0.6001999974250793,0.6321333289146424,0.5694999933242798,0.6088000059127807,0.5957999944686889,0.6496666669845581,0.6612499952316284,0.629199993610382,0.6830999970436096,0.6873999953269958,0.6524000048637391,0.5828000068664551,0.6701000094413757,0.6787333369255066,0.6393999934196473,0.7574000000953675,0.7266999840736389,0.6959999918937683
3+4+5+7,0.0,0.27460000216960906,0.40899999141693116,0.44399999380111693,0.35520000457763673,0.41230000257492067,0.49476000666618347,0.30674999952316284,0.384960001707077,0.48119999170303346,0.36606666445732117,0.27454999685287473,0.3592000007629394,0.44899999499320986,0.18306666612625117,0.3117500007152557,0.415666663646698,0.33889999985694885,0.40893333554267886,0.3067000031471252,0.3849200069904327,0.4811500012874603,0.2259333342313766,0.3439000010490417,0.4585333347320556,0.27449999451637264,0.18299999833106992,0.3116999983787537,0.41559999585151675,0.0,0.23260000050067897,0.34889999628067014,0.5492000043392181,0.6134999990463257,0.5920000076293945,0.44399999380111693,0.49476000666618347,0.6184499979019165,0.40899999141693116,0.48119999170303346,0.6416000008583069,0.5490999937057495,0.36606666445732117,0.44899999499320986,0.5986666679382324,0.27460000216960906,0.415666663646698,0.6235000014305114,0.6777999997138977,0.6134000062942505,0.40893333554267886,0.4811500012874603,0.6415333390235901,0.33889999985694885,0.4585333347320556,0.6878000020980835,0.5489999890327454,0.27449999451637264,0.41559999585151675,0.6233999967575073,0.0,0.34889999628067014,0.6977999925613403
3+4+6,0.0,0.3630999982357025,0.48720000982284545,0.3653999984264374,0.4521199941635132,0.3767666697502136,0.29231999516487117,0.5651499986648559,0.4521199941635132,0.3653999984264374,0.24206666648387903,0.3812999963760376,0.3050399959087372,0.18154999911785122,0.5083999991416931,0.3812999963760376,0.24206666648387903,0.36770000457763674,0.24513334035873408,0.38359999656677246,0.3068800032138824,0.18385000228881834,0.5114666581153869,0.38359999656677246,0.24513334035873408,0.0,0.2663333356380463,0.19975000023841855,0.0,0.39950000047683715,0.2663333356380463,0.0,0.726199996471405,0.7307999968528748,0.48720000982284545,0.5651499986648559,0.4521199941635132,0.3653999984264374,0.7535333395004272,0.5651499986648559,0.48720000982284545,0.3630999982357025,0.5083999991416931,0.3812999963760376,0.24206666648387903,0.7625999927520752,0.5083999991416931,0.3630999982357025,0.7354000091552735,0.36770000457763674,0.5114666581153869,0.38359999656677246,0.24513334035873408,0.7671999931335449,0.5114666581153869,0.36770000457763674,0.0,0.39950000047683715,0.2663333356380463,0.0,0.7990000009536743,0.39950000047683715,0.0
3+4+6+7,0.0,0.33479999899864193,0.4343333303928375,0.32574999928474424,0.4136400043964386,0.4678333342075348,0.4083599984645844,0.5170500099658966,0.5614000082015991,0.510450005531311,0.2232000023126602,0.3586999952793121,0.4347199976444244,0.3521000027656555,0.47826666235923765,0.5434000015258789,0.46946666240692136,0.3166999995708465,0.2111333310604095,0.3496500015258789,0.42748000025749205,0.34304999709129336,0.4662000000476837,0.5343499898910522,0.4574000060558319,0.0,0.2550666630268097,0.37599999904632564,0.24626666605472564,0.3825999975204467,0.5013333320617676,0.36940000057220457,0.669599997997284,0.6514999985694885,0.4343333303928375,0.5170500099658966,0.5614000082015991,0.510450005531311,0.6894000053405762,0.7017500162124634,0.6805999994277954,0.33479999899864193,0.47826666235923765,0.5434000015258789,0.46946666240692136,0.7173999905586242,0.7245333313941955,0.704200005531311,0.6333999991416931,0.3166999995708465,0.4662000000476837,0.5343499898910522,0.4574000060558319,0.6993000030517578,0.7124666690826416,0.6860999941825867,0.0,0.3825999975204467,0.5013333320617676,0.36940000057220457,0.7651999950408935,0.7519999980926514,0.7388000011444091
3+4+7,0.0,0.3736000061035156,0.4888000011444092,0.3666000008583069,0.2932800054550171,0.3741666674613952,0.4490000009536743,0.3666000008583069,0.4490000009536743,0.5612499952316284,0.24906666278839112,0.18680000305175776,0.30515999794006343,0.3814500033855438,0.24906666278839112,0.3814500033855438,0.5085999965667725,0.3596000075340271,0.23973332941532127,0.1798000037670135,0.2995599925518036,0.374449998140335,0.23973332941532127,0.374449998140335,0.49926666021347044,0.0,0.0,0.19465000033378596,0.25953333377838134,0.0,0.25953333377838134,0.38930000066757203,0.7472000122070312,0.7332000017166138,0.4888000011444092,0.3666000008583069,0.4490000009536743,0.5612499952316284,0.4888000011444092,0.5612499952316284,0.7483333349227905,0.3736000061035156,0.24906666278839112,0.3814500033855438,0.5085999965667725,0.3736000061035156,0.5085999965667725,0.7629000067710876,0.7192000150680542,0.3596000075340271,0.23973332941532127,0.374449998140335,0.49926666021347044,0.3596000075340271,0.49926666021347044,0.7488999962806702,0.0,0.0,0.25953333377838134,0.38930000066757203,0.0,0.38930000066757203,0.7786000013351441
3+5,0.0,0.3507000029087067,0.23379999995231623,0.34984999895095825,0.2798799991607666,0.2332333326339721,0.2798799991607666,0.17535000145435328,0.1402799993753433,0.17535000145435328,0.46646666526794434,0.34984999895095825,0.2798799991607666,0.34984999895095825,0.23379999995231623,0.17535000145435328,0.23379999995231623,0.0,0.23266666531562802,0.1745000004768371,0.139599996805191,0.1745000004768371,0.0,0.0,0.0,0.3490000009536743,0.23266666531562802,0.1745000004768371,0.23266666531562802,0.0,0.0,0.0,0.7014000058174134,0.3507000029087067,0.46646666526794434,0.34984999895095825,0.2798799991607666,0.34984999895095825,0.23379999995231623,0.17535000145435328,0.23379999995231623,0.6996999979019165,0.46646666526794434,0.34984999895095825,0.46646666526794434,0.3507000029087067,0.23379999995231623,0.3507000029087067,0.0,0.3490000009536743,0.23266666531562802,0.1745000004768371,0.23266666531562802,0.0,0.0,0.0,0.6980000019073487,0.3490000009536743,0.23266666531562802,0.3490000009536743,0.0,0.0,0.0
3+5+6,0.0,0.29100000262260434,0.1939999997615814,0.3088999927043915,0.41188000440597533,0.3432333350181579,0.24711999893188472,0.3514499962329864,0.2811599969863891,0.14550000131130214,0.41186667084693906,0.5148500084877015,0.41188000440597533,0.3088999927043915,0.4685999989509583,0.3514499962329864,0.1939999997615814,0.0,0.2178666621446609,0.3693499982357025,0.29548000097274774,0.16340000033378596,0.2745999991893768,0.2059500008821487,0.0,0.32680000066757203,0.4924666702747345,0.3693499982357025,0.2178666621446609,0.4119000017642975,0.2745999991893768,0.0,0.5820000052452088,0.29100000262260434,0.41186667084693906,0.5148500084877015,0.41188000440597533,0.3088999927043915,0.4685999989509583,0.3514499962329864,0.1939999997615814,0.617799985408783,0.6864666700363159,0.5148500084877015,0.41186667084693906,0.7028999924659729,0.4685999989509583,0.29100000262260434,0.0,0.32680000066757203,0.4924666702747345,0.3693499982357025,0.2178666621446609,0.4119000017642975,0.2745999991893768,0.0,0.6536000013351441,0.738699996471405,0.4924666702747345,0.32680000066757203,0.823800003528595,0.4119000017642975,0.0
3+5+6+7,0.0,0.2797999978065491,0.18653333485126494,0.2865000009536743,0.3871200025081634,0.4481666564941406,0.37987999916076653,0.33730000257492065,0.4205200016498566,0.32824999690055845,0.38199999928474426,0.4838999927043915,0.5377999901771545,0.47484999895095825,0.4497333288192749,0.5256500124931336,0.43766666650772096,0.0,0.1954666674137115,0.3439999938011169,0.4258799970149994,0.33494999408721926,0.26319999694824214,0.3857499957084656,0.25113333165645596,0.2932000041007995,0.45866666436195375,0.5323500037193298,0.44660000801086425,0.3948000013828277,0.5143333315849304,0.3767000019550323,0.5595999956130981,0.2797999978065491,0.38199999928474426,0.4838999927043915,0.5377999901771545,0.47484999895095825,0.4497333288192749,0.5256500124931336,0.43766666650772096,0.5730000019073487,0.645200002193451,0.6722499966621399,0.633133339881897,0.6746000051498413,0.7008666634559632,0.6564999938011169,0.0,0.2932000041007995,0.45866666436195375,0.5323500037193298,0.44660000801086425,0.3948000013828277,0.5143333315849304,0.3767000019550323,0.5864000082015991,0.6879999876022339,0.7098000049591064,0.6698999881744385,0.7896000027656556,0.7714999914169312,0.7534000039100647
3+5+7,0.0,0.3207000017166137,0.21380000114440914,0.3074500024318695,0.24596000015735622,0.3352999925613403,0.40236000418663026,0.16035000085830683,0.28467999696731566,0.35585000514984133,0.4099333345890045,0.3074500024318695,0.40236000418663026,0.5029500126838684,0.21380000114440914,0.35585000514984133,0.4744666635990143,0.0,0.1961333334445953,0.14709999859333037,0.27407999634742736,0.3425999999046326,0.0,0.19550000131130213,0.2606666684150695,0.2941999971866608,0.1961333334445953,0.3425999999046326,0.4568000018596649,0.0,0.2606666684150695,0.39100000262260437,0.6414000034332276,0.3207000017166137,0.4099333345890045,0.3074500024318695,0.40236000418663026,0.5029500126838684,0.21380000114440914,0.35585000514984133,0.4744666635990143,0.614900004863739,0.4099333345890045,0.5029500126838684,0.6705999851226807,0.3207000017166137,0.4744666635990143,0.7117000102996827,0.0,0.2941999971866608,0.1961333334445953,0.3425999999046326,0.4568000018596649,0.0,0.2606666684150695,0.39100000262260437,0.5883999943733216,0.2941999971866608,0.4568000018596649,0.6851999998092652,0.0,0.39100000262260437,0.7820000052452087
3+6,0.0,0.41449999809265137,0.2763333320617676,0.20724999904632563,0.3403600037097931,0.2836333334445953,0.16580000221729274,0.42544999718666077,0.3403600037097931,0.20724999904632563,0.2763333320617676,0.42544999718666077,0.3403600037097931,0.20724999904632563,0.5672666668891907,0.42544999718666077,0.2763333320617676,0.0,0.0,0.21820000112056728,0.17456000149250026,0.0,0.29093333482742306,0.21820000112056728,0.0,0.0,0.29093333482742306,0.21820000112056728,0.0,0.4364000022411346,0.29093333482742306,0.0,0.8289999961853027,0.41449999809265137,0.2763333320617676,0.42544999718666077,0.3403600037097931,0.20724999904632563,0.5672666668891907,0.42544999718666077,0.2763333320617676,0.41449999809265137,0.5672666668891907,0.42544999718666077,0.2763333320617676,0.8508999943733215,0.5672666668891907,0.41449999809265137,0.0,0.0,0.29093333482742306,0.21820000112056728,0.0,0.4364000022411346,0.29093333482742306,0.0,0.0,0.4364000022411346,0.29093333482742306,0.0,0.8728000044822692,0.4364000022411346,0.0
3+6+7,0.0,0.3687000036239624,0.24579999744892117,0.18435000181198116,0.3123999953269958,0.3983666658401489,0.3131200015544891,0.39050000309944155,0.4780400037765503,0.39140000343322756,0.24579999744892117,0.39050000309944155,0.4780400037765503,0.39140000343322756,0.5206666588783264,0.5975500106811523,0.5218666553497314,0.0,0.0,0.20615000128746028,0.33055999279022213,0.20704999864101406,0.2748666644096375,0.41319999694824217,0.2760666608810425,0.0,0.2748666644096375,0.41319999694824217,0.2760666608810425,0.41230000257492067,0.5509333372116089,0.4140999972820282,0.7374000072479248,0.3687000036239624,0.24579999744892117,0.39050000309944155,0.4780400037765503,0.39140000343322756,0.5206666588783264,0.5975500106811523,0.5218666553497314,0.3687000036239624,0.5206666588783264,0.5975500106811523,0.5218666553497314,0.7810000061988831,0.7967333316802978,0.7828000068664551,0.0,0.0,0.2748666644096375,0.41319999694824217,0.2760666608810425,0.41230000257492067,0.5509333372116089,0.4140999972820282,0.0,0.41230000257492067,0.5509333372116089,0.4140999972820282,0.8246000051498413,0.8263999938964843,0.8281999945640564
3+7,0.0,0.4305999994277954,0.28706666827201843,0.21529999971389766,0.1722399979829788,0.2868666648864746,0.34423999786376946,0.21529999971389766,0.34423999786376946,0.43030000329017637,0.28706666827201843,0.21529999971389766,0.34423999786376946,0.43030000329017637,0.28706666827201843,0.43030000329017637,0.5737333297729492,0.0,0.0,0.0,0.17200000584125513,0.21500000357627863,0.0,0.21500000357627863,0.28666667342185975,0.0,0.0,0.21500000357627863,0.28666667342185975,0.0,0.28666667342185975,0.4300000071525574,0.8611999988555908,0.4305999994277954,0.28706666827201843,0.21529999971389766,0.34423999786376946,0.43030000329017637,0.28706666827201843,0.43030000329017637,0.5737333297729492,0.4305999994277954,0.28706666827201843,0.43030000329017637,0.5737333297729492,0.4305999994277954,0.5737333297729492,0.8606000065803527,0.0,0.0,0.0,0.21500000357627863,0.28666667342185975,0.0,0.28666667342185975,0.4300000071525574,0.0,0.0,0.28666667342185975,0.4300000071525574,0.0,0.4300000071525574,0.8600000143051147
4,0.0,0.0,0.3333333432674408,0.25,0.20000000298023218,0.1666666716337204,0.20000000298023218,0.25,0.20000000298023218,0.25,0.0,0.0,0.0,0.0,0.0,0.0,0.0,0.5,0.3333333432674408,0.25,0.20000000298023218,0.25,0.3333333432674408,0.25,0.3333333432674408,0.0,0.0,0.0,0.0,0.0,0.0,0.0,0.0,0.5,0.3333333432674408,0.25,0.20000000298023218,0.25,0.3333333432674408,0.25,0.3333333432674408,0.0,0.0,0.0,0.0,0.0,0.0,0.0,1.0,0.5,0.3333333432674408,0.25,0.3333333432674408,0.5,0.3333333432674408,0.5,0.0,0.0,0.0,0.0,0.0,0.0,0.0
4+5,0.0,0.0,0.2864666700363159,0.42439999580383303,0.3395199954509735,0.2829333364963531,0.3395199954509735,0.21484999954700465,0.17187999784946437,0.21484999954700465,0.2793999969959259,0.20955000221729275,0.1676400005817413,0.20955000221729275,0.0,0.0,0.0,0.4296999990940094,0.5658666729927063,0.42439999580383303,0.3395199954509735,0.42439999580383303,0.2864666700363159,0.21484999954700465,0.2864666700363159,0.41910000443458556,0.2793999969959259,0.20955000221729275,0.2793999969959259,0.0,0.0,0.0,0.0,0.4296999990940094,0.5658666729927063,0.42439999580383303,0.3395199954509735,0.42439999580383303,0.2864666700363159,0.21484999954700465,0.2864666700363159,0.41910000443458556,0.2793999969959259,0.20955000221729275,0.2793999969959259,0.0,0.0,0.0,0.8593999981880188,0.8487999916076661,0.5658666729927063,0.42439999580383303,0.5658666729927063,0.4296999990940094,0.2864666700363159,0.4296999990940094,0.8382000088691711,0.41910000443458556,0.2793999969959259,0.41910000443458556,0.0,0.0,0.0
4+5+6,0.0,0.0,0.24986666738986968,0.39049999713897704,0.4783600032329559,0.39863333106040955,0.31239999532699586,0.3948499977588653,0.3158800005912781,0.1874000012874603,0.27079998850822445,0.4105500102043152,0.3284399926662445,0.20310000479221343,0.2765999972820282,0.20744999945163722,0.0,0.37480000257492063,0.5206666588783264,0.597949993610382,0.4783600032329559,0.39049999713897704,0.5264666676521301,0.3948499977588653,0.24986666738986968,0.40620000958442687,0.5473999857902527,0.4105500102043152,0.27079998850822445,0.41489999890327456,0.2765999972820282,0.0,0.0,0.37480000257492063,0.5206666588783264,0.597949993610382,0.4783600032329559,0.39049999713897704,0.5264666676521301,0.3948499977588653,0.24986666738986968,0.40620000958442687,0.5473999857902527,0.4105500102043152,0.27079998850822445,0.41489999890327456,0.2765999972820282,0.0,0.7496000051498413,0.7809999942779541,0.7972666621208191,0.597949993610382,0.5206666588783264,0.7896999955177307,0.5264666676521301,0.37480000257492063,0.8124000191688537,0.8211000204086304,0.5473999857902527,0.40620000958442687,0.8297999978065491,0.41489999890327456,0.0
4+5+6+7,0.0,0.0,0.2235333353281021,0.3381499946117401,0.4290000021457672,0.4840999960899353,0.4224399983882904,0.36575000286102294,0.4445200085639954,0.35755000114440916,0.22733333110809323,0.36860000491142275,0.4467999994754791,0.36039999723434446,0.2641333371400833,0.38799999952316283,0.25320000350475313,0.33529999256134035,0.4508666694164276,0.5362500190734864,0.5809200048446655,0.5280499935150147,0.48766666650772095,0.555649995803833,0.4767333328723907,0.3410000026226044,0.4914666712284088,0.5584999918937683,0.48053333163261414,0.39619999527931216,0.5173333406448364,0.3798000037670135,0.0,0.33529999256134035,0.4508666694164276,0.5362500190734864,0.5809200048446655,0.5280499935150147,0.48766666650772095,0.555649995803833,0.4767333328723907,0.3410000026226044,0.4914666712284088,0.5584999918937683,0.48053333163261414,0.39619999527931216,0.5173333406448364,0.3798000037670135,0.6705999851226807,0.6762999892234802,0.7149999976158142,0.7261500000953675,0.7040666699409485,0.7315000057220459,0.7408666729927063,0.7151000022888183,0.6820000052452088,0.7372000098228455,0.7446666717529297,0.7207999944686889,0.7923999905586243,0.7759999990463257,0.7596000075340271
4+5+7,0.0,0.0,0.24560000002384186,0.37204999923706056,0.29764000773429866,0.3736333310604095,0.44835999608039856,0.18419999778270718,0.29808000326156614,0.3726000010967255,0.2504666686058044,0.18784999847412104,0.30100000500679014,0.3762499988079071,0.0,0.18840000033378596,0.2512000024318695,0.36839999556541436,0.49606666564941404,0.37204999923706056,0.44835999608039856,0.5604499936103821,0.24560000002384186,0.3726000010967255,0.49679999947547915,0.3756999969482422,0.2504666686058044,0.3762499988079071,0.501666659116745,0.0,0.2512000024318695,0.376800000667572,0.0,0.36839999556541436,0.49606666564941404,0.37204999923706056,0.44835999608039856,0.5604499936103821,0.24560000002384186,0.3726000010967255,0.49679999947547915,0.3756999969482422,0.2504666686058044,0.3762499988079071,0.501666659116745,0.0,0.2512000024318695,0.376800000667572,0.7367999911308288,0.7440999984741211,0.49606666564941404,0.5604499936103821,0.747266662120819,0.36839999556541436,0.49679999947547915,0.745200002193451,0.7513999938964844,0.3756999969482422,0.501666659116745,0.7524999976158142,0.0,0.376800000667572,0.753600001335144
4+6,0.0,0.0,0.28986666202545164,0.21739999651908876,0.35151999592781064,0.29293333888053896,0.17391999959945675,0.4393999993801117,0.35151999592781064,0.21739999651908876,0.0,0.22199999690055844,0.1776000022888183,0.0,0.2959999978542328,0.22199999690055844,0.0,0.4347999930381775,0.28986666202545164,0.4393999993801117,0.35151999592781064,0.21739999651908876,0.5858666777610779,0.4393999993801117,0.28986666202545164,0.0,0.2959999978542328,0.22199999690055844,0.0,0.44399999380111693,0.2959999978542328,0.0,0.0,0.4347999930381775,0.28986666202545164,0.4393999993801117,0.35151999592781064,0.21739999651908876,0.5858666777610779,0.4393999993801117,0.28986666202545164,0.0,0.2959999978542328,0.22199999690055844,0.0,0.44399999380111693,0.2959999978542328,0.0,0.869599986076355,0.4347999930381775,0.5858666777610779,0.4393999993801117,0.28986666202545164,0.8787999987602234,0.5858666777610779,0.4347999930381775,0.0,0.44399999380111693,0.2959999978542328,0.0,0.8879999876022339,0.44399999380111693,0.0
4+6+7,0.0,0.0,0.24526666402816769,0.183950001001358,0.31876000165939333,0.40366666913032534,0.31280000209808345,0.39844999909400936,0.4843999981880188,0.39100000262260437,0.0,0.21449999809265133,0.3372400045394897,0.2070499986410141,0.28600000143051146,0.4215500056743622,0.2760666608810425,0.367900002002716,0.24526666402816769,0.39844999909400936,0.4843999981880188,0.39100000262260437,0.5312666535377503,0.6054999947547912,0.5213333368301392,0.0,0.28600000143051146,0.4215500056743622,0.2760666608810425,0.4289999961853027,0.5620666742324829,0.4140999972820282,0.0,0.367900002002716,0.24526666402816769,0.39844999909400936,0.4843999981880188,0.39100000262260437,0.5312666535377503,0.6054999947547912,0.5213333368301392,0.0,0.28600000143051146,0.4215500056743622,0.2760666608810425,0.4289999961853027,0.5620666742324829,0.4140999972820282,0.7358000040054321,0.367900002002716,0.5312666535377503,0.6054999947547912,0.5213333368301392,0.7968999981880188,0.8073333382606507,0.7820000052452087,0.0,0.4289999961853027,0.5620666742324829,0.4140999972820282,0.8579999923706054,0.8431000113487244,0.8281999945640564
4+7,0.0,0.0,0.2778666615486145,0.20840000212192536,0.1667199999094009,0.279666668176651,0.33560000658035277,0.20840000212192536,0.33560000658035277,0.41949999928474424,0.0,0.0,0.16887999773025508,0.21109999716281885,0.0,0.21109999716281885,0.28146666288375854,0.4168000042438507,0.2778666615486145,0.20840000212192536,0.33560000658035277,0.41949999928474424,0.2778666615486145,0.41949999928474424,0.559333336353302,0.0,0.0,0.21109999716281885,0.28146666288375854,0.0,0.28146666288375854,0.4221999943256378,0.0,0.4168000042438507,0.2778666615486145,0.20840000212192536,0.33560000658035277,0.41949999928474424,0.2778666615486145,0.41949999928474424,0.559333336353302,0.0,0.0,0.21109999716281885,0.28146666288375854,0.0,0.28146666288375854,0.4221999943256378,0.8336000084877014,0.4168000042438507,0.2778666615486145,0.41949999928474424,0.559333336353302,0.4168000042438507,0.559333336353302,0.8389999985694885,0.0,0.0,0.28146666288375854,0.4221999943256378,0.0,0.4221999943256378,0.8443999886512756
5,0.0,0.0,0.0,0.25,0.20000000298023218,0.1666666716337204,0.20000000298023218,0.0,0.0,0.0,0.3333333432674408,0.25,0.20000000298023218,0.25,0.0,0.0,0.0,0.0,0.3333333432674408,0.25,0.20000000298023218,0.25,0.0,0.0,0.0,0.5,0.3333333432674408,0.25,0.3333333432674408,0.0,0.0,0.0,0.0,0.0,0.3333333432674408,0.25,0.20000000298023218,0.25,0.0,0.0,0.0,0.5,0.3333333432674408,0.25,0.3333333432674408,0.0,0.0,0.0,0.0,0.5,0.3333333432674408,0.25,0.3333333432674408,0.0,0.0,0.0,1.0,0.5,0.3333333432674408,0.5,0.0,0.0,0.0
5+6,0.0,0.0,0.0,0.22550000250339503,0.3619599938392639,0.30163333415985105,0.1803999990224838,0.2269499987363815,0.18156000077724452,0.0,0.3006666719913482,0.45245000123977663,0.3619599938392639,0.22550000250339503,0.30260000228881834,0.2269499987363815,0.0,0.0,0.3006666719913482,0.45245000123977663,0.3619599938392639,0.22550000250339503,0.30260000228881834,0.2269499987363815,0.0,0.45100000500679016,0.6032666683197021,0.45245000123977663,0.3006666719913482,0.45389999747276305,0.30260000228881834,0.0,0.0,0.0,0.3006666719913482,0.45245000123977663,0.3619599938392639,0.22550000250339503,0.30260000228881834,0.2269499987363815,0.0,0.45100000500679016,0.6032666683197021,0.45245000123977663,0.3006666719913482,0.45389999747276305,0.30260000228881834,0.0,0.0,0.45100000500679016,0.6032666683197021,0.45245000123977663,0.3006666719913482,0.45389999747276305,0.30260000228881834,0.0,0.9020000100135803,0.9049000024795533,0.6032666683197021,0.45100000500679016,0.9077999949455261,0.45389999747276305,0.0
5+6+7,0.0,0.0,0.0,0.19109999835491176,0.32795999646186824,0.4089999973773956,0.3157200038433075,0.21884999871253963,0.3379200041294098,0.20355000197887416,0.25480000078678133,0.4099500060081482,0.4907999992370605,0.39464999437332154,0.2918000102043151,0.42239999771118164,0.2714000046253204,0.0,0.25480000078678133,0.4099500060081482,0.4907999992370605,0.39464999437332154,0.2918000102043151,0.42239999771118164,0.2714000046253204,0.38219999670982363,0.5466000080108643,0.6134999990463257,0.5262000143527985,0.43769999742507937,0.5631999969482422,0.4071000039577484,0.0,0.0,0.25480000078678133,0.4099500060081482,0.4907999992370605,0.39464999437332154,0.2918000102043151,0.42239999771118164,0.2714000046253204,0.38219999670982363,0.5466000080108643,0.6134999990463257,0.5262000143527985,0.43769999742507937,0.5631999969482422,0.4071000039577484,0.0,0.38219999670982363,0.5466000080108643,0.6134999990463257,0.5262000143527985,0.43769999742507937,0.5631999969482422,0.4071000039577484,0.7643999934196473,0.8199000120162964,0.8179999947547912,0.7892999887466431,0.8753999948501587,0.8447999954223633,0.8142000079154968
5+7,0.0,0.0,0.0,0.21379999816417694,0.1710399985313415,0.2822666645050048,0.33871999979019163,0.0,0.16767999827861782,0.20960000157356257,0.2850666642189026,0.21379999816417694,0.33871999979019163,0.42339999675750734,0.0,0.20960000157356257,0.27946666479110716,0.0,0.2850666642189026,0.21379999816417694,0.33871999979019163,0.42339999675750734,0.0,0.20960000157356257,0.27946666479110716,0.4275999963283539,0.2850666642189026,0.42339999675750734,0.5645333290100097,0.0,0.27946666479110716,0.41920000314712524,0.0,0.0,0.2850666642189026,0.21379999816417694,0.33871999979019163,0.42339999675750734,0.0,0.20960000157356257,0.27946666479110716,0.4275999963283539,0.2850666642189026,0.42339999675750734,0.5645333290100097,0.0,0.27946666479110716,0.41920000314712524,0.0,0.4275999963283539,0.2850666642189026,0.42339999675750734,0.5645333290100097,0.0,0.27946666479110716,0.41920000314712524,0.8551999926567078,0.4275999963283539,0.5645333290100097,0.8467999935150147,0.0,0.41920000314712524,0.8384000062942505
6,0.0,0.0,0.0,0.0,0.20000000298023218,0.1666666716337204,0.0,0.25,0.20000000298023218,0.0,0.0,0.25,0.20000000298023218,0.0,0.3333333432674408,0.25,0.0,0.0,0.0,0.25,0.20000000298023218,0.0,0.3333333432674408,0.25,0.0,0.0,0.3333333432674408,0.25,0.0,0.5,0.3333333432674408,0.0,0.0,0.0,0.0,0.25,0.20000000298023218,0.0,0.3333333432674408,0.25,0.0,0.0,0.3333333432674408,0.25,0.0,0.5,0.3333333432674408,0.0,0.0,0.0,0.3333333432674408,0.25,0.0,0.5,0.3333333432674408,0.0,0.0,0.5,0.3333333432674408,0.0,1.0,0.5,0.0
6+7,0.0,0.0,0.0,0.0,0.18959999978542325,0.3134999990463257,0.18660000264644622,0.2369999974966049,0.3762000024318695,0.23324999809265132,0.0,0.2369999974966049,0.3762000024318695,0.23324999809265132,0.3160000026226043,0.470250004529953,0.3110000014305115,0.0,0.0,0.2369999974966049,0.3762000024318695,0.23324999809265132,0.3160000026226043,0.470250004529953,0.3110000014305115,0.0,0.3160000026226043,0.470250004529953,0.3110000014305115,0.47399999499320983,0.6269999980926514,0.46649999618530275,0.0,0.0,0.0,0.2369999974966049,0.3762000024318695,0.23324999809265132,0.3160000026226043,0.470250004529953,0.3110000014305115,0.0,0.3160000026226043,0.470250004529953,0.3110000014305115,0.47399999499320983,0.6269999980926514,0.46649999618530275,0.0,0.0,0.3160000026226043,0.470250004529953,0.3110000014305115,0.47399999499320983,0.6269999980926514,0.46649999618530275,0.0,0.47399999499320983,0.6269999980926514,0.46649999618530275,0.9479999899864197,0.940500009059906,0.9329999923706055
7,0.0,0.0,0.0,0.0,0.0,0.1666666716337204,0.20000000298023218,0.0,0.20000000298023218,0.25,0.0,0.0,0.20000000298023218,0.25,0.0,0.25,0.3333333432674408,0.0,0.0,0.0,0.20000000298023218,0.25,0.0,0.25,0.3333333432674408,0.0,0.0,0.25,0.3333333432674408,0.0,0.3333333432674408,0.5,0.0,0.0,0.0,0.0,0.20000000298023218,0.25,0.0,0.25,0.3333333432674408,0.0,0.0,0.25,0.3333333432674408,0.0,0.3333333432674408,0.5,0.0,0.0,0.0,0.25,0.3333333432674408,0.0,0.3333333432674408,0.5,0.0,0.0,0.3333333432674408,0.5,0.0,0.5,1.0
